Distribution_ID,Date Logged,Supervisor,Enumerator,Participant_ID,Survey_Date,Survey_Type,Voucher Status,Voucher Value (KSH),Phone Number,Voucher_Operator,Logged By,Alternative_Phone
DIS-0001,2026-09-28,NA,anonymousUser,YM07966,2026-09-23,resume,Pending,Ksh40,254791649237,NA,Daniel,NA
DIS-0002,2026-09-28,NA,anonymousUser,YM121391,2026-09-23,resume,Pending,Ksh40,254796655988,NA,Daniel,NA
DIS-0003,2026-09-28,NA,anonymousUser,YF122682,2026-09-23,top_up,Pending,Ksh30,254714302024,NA,Daniel,NA
DIS-0004,2026-09-28,NA,anonymousUser,YK11087,2026-09-23,full,Pending,Ksh50,254748123598,NA,Daniel,NA
DIS-0005,2026-09-28,NA,anonymousUser,YK05837,2026-09-23,top_up,Pending,Ksh30,254746760672,NA,Daniel,NA
DIS-0006,2026-09-28,NA,anonymousUser,UNREG_0113915622,2026-09-23,top_up,Pending,Ksh30,254113915622,NA,Daniel,NA
DIS-0007,2026-09-28,NA,anonymousUser,YN130372,2026-09-23,full,Pending,Ksh50,254793534209,NA,Daniel,NA
DIS-0008,2026-09-28,NA,anonymousUser,UNREG_0701312242,2026-09-23,full,Pending,Ksh50,254701312242,NA,Daniel,NA
DIS-0009,2026-09-28,NA,anonymousUser,YK05097,2026-09-23,resume,Pending,Ksh40,254798986440,NA,Daniel,NA
DIS-0010,2026-09-28,NA,anonymousUser,YM800132,2026-09-23,full,Pending,Ksh50,254142826806,NA,Daniel,NA
DIS-0011,2026-09-28,NA,anonymousUser,YK121438,2026-09-23,top_up,Pending,Ksh30,254714692483,NA,Daniel,NA
DIS-0012,2026-09-28,NA,anonymousUser,UNREG_0746762339,2026-09-23,resume,Pending,Ksh40,254746762339,NA,Daniel,NA
DIS-0013,2026-09-28,NA,victor_maarifa,YF122064_REASSIGN_1,2026-09-24,full,Pending,Ksh50,254748515275,NA,Daniel,NA
DIS-0014,2026-09-28,NA,norbert_maarifa,YM13138,2026-09-24,full,Pending,Ksh50,254790684373,NA,Daniel,NA
DIS-0015,2026-09-28,NA,norbert_maarifa,YN130335_REASSIGN_1,2026-09-24,resume,Pending,Ksh40,254797624064,NA,Daniel,NA
DIS-0016,2026-09-28,NA,victor_maarifa,YF122064_REASSIGN_1,2026-09-24,full,Pending,Ksh50,254748515275,NA,Daniel,NA
DIS-0017,2026-09-28,NA,brian_maarifa,YN03494,2026-09-24,full,Pending,Ksh50,254729746803,NA,Daniel,NA
DIS-0018,2026-09-28,NA,rahma_maarifa,YM10980,2026-09-24,top_up,Pending,Ksh30,254757759942,NA,Daniel,NA
DIS-0019,2026-09-28,NA,martin_maarifa,YM800770,2026-09-24,full,Pending,Ksh50,254704988356,NA,Daniel,NA
DIS-0020,2026-09-28,NA,brian_maarifa,YK03006,2026-09-24,top_up,Pending,Ksh30,254719347438,NA,Daniel,NA
DIS-0021,2026-09-28,NA,martin_maarifa,YF121504,2026-09-24,top_up,Pending,Ksh30,254705212892,NA,Daniel,NA
DIS-0022,2026-09-28,NA,norbert_maarifa,YF122711,2026-09-24,full,Pending,Ksh50,254769933294,NA,Daniel,NA
DIS-0023,2026-09-28,NA,martin_maarifa,YK122756,2026-09-24,full,Pending,Ksh50,254119939114,NA,Daniel,NA
DIS-0024,2026-09-28,NA,brian_maarifa,YN04246,2026-09-24,full,Pending,Ksh50,254119389951,NA,Daniel,NA
DIS-0025,2026-09-28,NA,martin_maarifa,YN06775,2026-09-24,top_up,Pending,Ksh30,254746266477,NA,Daniel,NA
DIS-0026,2026-09-28,NA,rahma_maarifa,YN121270,2026-09-24,top_up,Pending,Ksh30,254706030068,NA,Daniel,NA
DIS-0027,2026-09-28,NA,rahma_maarifa,YM122865,2026-09-24,full,Pending,Ksh50,254729064813,NA,Daniel,NA
DIS-0028,2026-09-28,NA,martin_maarifa,YM121904,2026-09-24,top_up,Pending,Ksh30,254727870022,NA,Daniel,NA
DIS-0029,2026-09-28,NA,nicole_maarifa,YF122169,2026-09-24,full,Pending,Ksh50,254742327250,NA,Daniel,NA
DIS-0030,2026-09-28,NA,nicole_maarifa,YF122672,2026-09-24,full,Pending,Ksh50,254742620449,NA,Daniel,NA
DIS-0031,2026-09-28,NA,nicole_maarifa,YM09306,2026-09-24,full,Pending,Ksh50,254748063437,NA,Daniel,NA
DIS-0032,2026-09-28,NA,nicole_maarifa,YF08314,2026-09-24,full,Pending,Ksh50,254742886636,NA,Daniel,NA
DIS-0033,2026-09-28,NA,martin_maarifa,YK122139,2026-09-24,top_up,Pending,Ksh30,254748352438,NA,Daniel,NA
DIS-0034,2026-09-28,NA,brian_maarifa,YF12745,2026-09-24,top_up,Pending,Ksh30,254724503047,NA,Daniel,NA
DIS-0035,2026-09-28,NA,victor_maarifa,YN121154,2026-09-24,full,Pending,Ksh50,254118195587,NA,Daniel,NA
DIS-0036,2026-09-28,NA,victor_maarifa,YN04039,2026-09-24,top_up,Pending,Ksh30,254703895826,NA,Daniel,NA
DIS-0037,2026-09-28,NA,rahma_maarifa,YK121447,2026-09-24,top_up,Pending,Ksh30,254116305374,NA,Daniel,NA
DIS-0038,2026-09-28,NA,rahma_maarifa,YM800240,2026-09-24,full,Pending,Ksh50,254714328862,NA,Daniel,NA
DIS-0039,2026-09-28,NA,brian_maarifa,YK121420,2026-09-24,top_up,Pending,Ksh30,254700647331,NA,Daniel,NA
DIS-0040,2026-09-28,NA,martin_maarifa,YN130233,2026-09-24,resume,Pending,Ksh40,254715485062,NA,Daniel,NA
DIS-0041,2026-09-28,NA,norbert_maarifa,YN121238,2026-09-24,full,Pending,Ksh50,254746220380,NA,Daniel,NA
DIS-0042,2026-09-28,NA,brian_maarifa,YF10815,2026-09-24,top_up,Pending,Ksh30,254758424527,NA,Daniel,NA
DIS-0043,2026-09-28,NA,victor_maarifa,YM04007,2026-09-24,top_up,Pending,Ksh30,254706239168,NA,Daniel,NA
DIS-0044,2026-09-28,NA,martin_maarifa,YK122494,2026-09-24,full,Pending,Ksh50,254118653047,NA,Daniel,NA
DIS-0045,2026-09-28,NA,christopher_maarifa,YM800182,2026-09-24,full,Pending,Ksh50,254143356212,NA,Daniel,NA
DIS-0046,2026-09-28,NA,rahma_maarifa,YM121338,2026-09-24,top_up,Pending,Ksh30,254112122006,NA,Daniel,NA
DIS-0047,2026-09-28,NA,martin_maarifa,YN01238,2026-09-24,top_up,Pending,Ksh30,254728413464,NA,Daniel,NA
DIS-0048,2026-09-28,NA,brian_maarifa,YM800461,2026-09-24,full,Pending,Ksh50,254101358646,NA,Daniel,NA
DIS-0049,2026-09-28,NA,nicole_maarifa,YN121131,2026-09-24,top_up,Pending,Ksh30,254795988104,NA,Daniel,NA
DIS-0050,2026-09-28,NA,christopher_maarifa,YN03148,2026-09-24,top_up,Pending,Ksh30,254724612003,NA,Daniel,NA
DIS-0051,2026-09-28,NA,brian_maarifa,YN121220,2026-09-24,full,Pending,Ksh50,254769112235,NA,Daniel,NA
DIS-0052,2026-09-28,NA,martin_maarifa,YM130498,2026-09-24,full,Pending,Ksh50,254711545029,NA,Daniel,NA
DIS-0053,2026-09-28,NA,rahma_maarifa,YN121083,2026-09-24,full,Pending,Ksh50,254769677344,NA,Daniel,NA
DIS-0054,2026-09-28,NA,christopher_maarifa,YN06793,2026-09-24,top_up,Pending,Ksh30,254717671640,NA,Daniel,NA
DIS-0055,2026-09-28,NA,brian_maarifa,YN01292,2026-09-24,top_up,Pending,Ksh30,254792633185,NA,Daniel,NA
DIS-0056,2026-09-28,NA,norbert_maarifa,YM11740,2026-09-24,full,Pending,Ksh50,254768559519,NA,Daniel,NA
DIS-0057,2026-09-28,NA,christopher_maarifa,YM800748,2026-09-24,top_up,Pending,Ksh30,254757593930,NA,Daniel,NA
DIS-0058,2026-09-28,NA,martin_maarifa,YN03084,2026-09-24,full,Pending,Ksh50,254743269972,NA,Daniel,NA
DIS-0059,2026-09-28,NA,brian_maarifa,YK121437,2026-09-24,full,Pending,Ksh50,254796669200,NA,Daniel,NA
DIS-0060,2026-09-28,NA,martin_maarifa,YK03610,2026-09-24,top_up,Pending,Ksh30,254705881849,NA,Daniel,NA
DIS-0061,2026-09-28,NA,rahma_maarifa,YC11586,2026-09-24,resume,Pending,Ksh40,254108235482,NA,Daniel,NA
DIS-0062,2026-09-28,NA,rahma_maarifa,YK13806,2026-09-24,top_up,Pending,Ksh30,254795959222,NA,Daniel,NA
DIS-0063,2026-09-28,NA,rahma_maarifa,YF10399,2026-09-24,full,Pending,Ksh50,254759118655,NA,Daniel,NA
DIS-0064,2026-09-28,NA,rahma_maarifa,YF12939,2026-09-24,full,Pending,Ksh50,254115273300,NA,Daniel,NA
DIS-0065,2026-09-28,NA,brian_maarifa,YF122085,2026-09-24,full,Pending,Ksh50,254142180257,NA,Daniel,NA
DIS-0066,2026-09-28,NA,norbert_maarifa,YN06829,2026-09-24,full,Pending,Ksh50,254759669954,NA,Daniel,NA
DIS-0067,2026-09-28,NA,brian_maarifa,YN01444,2026-09-24,top_up,Pending,Ksh30,254703297722,NA,Daniel,NA
DIS-0068,2026-09-28,NA,nicole_maarifa,YN04800,2026-09-24,full,Pending,Ksh50,254748166228,NA,Daniel,NA
DIS-0069,2026-09-28,NA,nicole_maarifa,YF122375,2026-09-24,full,Pending,Ksh50,254715265086,NA,Daniel,NA
DIS-0070,2026-09-28,NA,nicole_maarifa,YN06489,2026-09-24,full,Pending,Ksh50,254703278608,NA,Daniel,NA
DIS-0071,2026-09-28,NA,christopher_maarifa,YK04303,2026-09-24,full,Pending,Ksh50,254791182345,NA,Daniel,NA
DIS-0072,2026-09-28,NA,victor_maarifa,YN04713,2026-09-24,full,Pending,Ksh50,254116960016,NA,Daniel,NA
DIS-0073,2026-09-28,NA,nicole_maarifa,YM800496,2026-09-24,full,Pending,Ksh50,254751236642,NA,Daniel,NA
DIS-0074,2026-09-28,NA,brian_maarifa,YM11133,2026-09-24,top_up,Pending,Ksh30,254769743536,NA,Daniel,NA
DIS-0075,2026-09-28,NA,norbert_maarifa,YF121787,2026-09-25,full,Pending,Ksh50,254708109750,NA,Daniel,NA
DIS-0076,2026-09-28,NA,norbert_maarifa,YF122168,2026-09-25,top_up,Pending,Ksh30,254794129064,NA,Daniel,NA
DIS-0077,2026-09-28,NA,martin_maarifa,YN03143,2026-09-24,top_up,Pending,Ksh30,254790688787,NA,Daniel,NA
DIS-0078,2026-09-28,NA,norbert_maarifa,YF07058,2026-09-25,full,Pending,Ksh50,254727114876,NA,Daniel,NA
DIS-0079,2026-09-28,NA,brian_maarifa,YF121503,2026-09-25,top_up,Pending,Ksh30,254117978497,NA,Daniel,NA
DIS-0080,2026-09-28,NA,lauma,YN130239,2026-09-25,top_up,Pending,Ksh30,254717647764,NA,Daniel,NA
DIS-0081,2026-09-28,NA,martin_maarifa,YN02729,2026-09-25,top_up,Pending,Ksh30,254112720107,NA,Daniel,NA
DIS-0082,2026-09-28,NA,brian_maarifa,YK07699,2026-09-25,full,Pending,Ksh50,254727676390,NA,Daniel,NA
DIS-0083,2026-09-28,NA,martin_maarifa,YF122172,2026-09-25,full,Pending,Ksh50,254117739779,NA,Daniel,NA
DIS-0084,2026-09-28,NA,brian_maarifa,YK05620,2026-09-25,full,Pending,Ksh50,254790674875,NA,Daniel,NA
DIS-0085,2026-09-28,NA,martin_maarifa,YN10226,2026-09-25,top_up,Pending,Ksh30,254740967724,NA,Daniel,NA
DIS-0086,2026-09-28,NA,nicole_maarifa,YN04016,2026-09-25,full,Pending,Ksh50,254726050641,NA,Daniel,NA
DIS-0087,2026-09-28,NA,nicole_maarifa,YM121371,2026-09-25,full,Pending,Ksh50,254742934384,NA,Daniel,NA
DIS-0088,2026-09-28,NA,nicole_maarifa,YM130646,2026-09-25,top_up,Pending,Ksh30,254715277773,NA,Daniel,NA
DIS-0089,2026-09-28,NA,brian_maarifa,YN00405,2026-09-25,top_up,Pending,Ksh30,254702711402,NA,Daniel,NA
DIS-0090,2026-09-28,NA,norbert_maarifa,YN03135,2026-09-25,full,Pending,Ksh50,254728579741,NA,Daniel,NA
DIS-0091,2026-09-28,NA,norbert_maarifa,YM121360,2026-09-25,top_up,Pending,Ksh30,254714614602,NA,Daniel,NA
DIS-0092,2026-09-28,NA,martin_maarifa,YN09294,2026-09-25,full,Pending,Ksh50,254740454678,NA,Daniel,NA
DIS-0093,2026-09-28,NA,christopher_maarifa,YN130389,2026-09-25,top_up,Pending,Ksh30,254715944488,NA,Daniel,NA
DIS-0094,2026-09-28,NA,christopher_maarifa,YM01102,2026-09-25,full,Pending,Ksh50,254707971282,NA,Daniel,NA
DIS-0095,2026-09-28,NA,christopher_maarifa,YF122061,2026-09-25,top_up,Pending,Ksh30,254794573556,NA,Daniel,NA
DIS-0096,2026-09-28,NA,rahma_maarifa,YK09418,2026-09-25,full,Pending,Ksh50,254718167893,NA,Daniel,NA
DIS-0097,2026-09-28,NA,rahma_maarifa,YM121377,2026-09-25,full,Pending,Ksh50,254701297099,NA,Daniel,NA
DIS-0098,2026-09-28,NA,brian_maarifa,UNREG_0795734112,2026-09-25,full,Pending,Ksh50,254795734112,NA,Daniel,NA
DIS-0099,2026-09-28,NA,christopher_maarifa,YM121915,2026-09-25,top_up,Pending,Ksh30,254791831616,NA,Daniel,NA
DIS-0100,2026-09-28,NA,nicole_maarifa,YM12517,2026-09-25,full,Pending,Ksh50,254768855184,NA,Daniel,NA
DIS-0101,2026-09-28,NA,nicole_maarifa,YN11198,2026-09-25,full,Pending,Ksh50,254743818335,NA,Daniel,NA
DIS-0102,2026-09-28,NA,brian_maarifa,YN01419,2026-09-25,full,Pending,Ksh50,254704834577,NA,Daniel,NA
DIS-0103,2026-09-28,NA,christopher_maarifa,YF11929,2026-09-25,top_up,Pending,Ksh30,254715399498,NA,Daniel,NA
DIS-0104,2026-09-28,NA,martin_maarifa,YM130489,2026-09-25,full,Pending,Ksh50,254716680416,NA,Daniel,NA
DIS-0105,2026-09-28,NA,nicole_maarifa,YM800442,2026-09-25,full,Pending,Ksh50,254782794983,NA,Daniel,NA
DIS-0106,2026-09-28,NA,martin_maarifa,YM15212,2026-09-25,top_up,Pending,Ksh30,254799877700,NA,Daniel,NA
DIS-0107,2026-09-28,NA,norbert_maarifa,YN10656,2026-09-25,full,Pending,Ksh50,254799160356,NA,Daniel,NA
DIS-0108,2026-09-28,NA,brian_maarifa,YM06719,2026-09-25,top_up,Pending,Ksh30,254719674055,NA,Daniel,NA
DIS-0109,2026-09-28,NA,martin_maarifa,YM01924,2026-09-25,full,Pending,Ksh50,254118221003,NA,Daniel,NA
DIS-0110,2026-09-28,NA,rahma_maarifa,YM14763,2026-09-25,full,Pending,Ksh50,254762073496,NA,Daniel,NA
DIS-0111,2026-09-28,NA,victor_maarifa,YM00334,2026-09-25,resume,Pending,Ksh40,254111483828,NA,Daniel,NA
DIS-0112,2026-09-28,NA,victor_maarifa,YF122179,2026-09-25,top_up,Pending,Ksh30,254731669138,NA,Daniel,NA
DIS-0113,2026-09-28,NA,victor_maarifa,YN121165_REASSIGN_1,2026-09-25,top_up,Pending,Ksh30,254710659831,NA,Daniel,NA
DIS-0114,2026-09-28,NA,victor_maarifa,UNREG_0720907496,2026-09-25,top_up,Pending,Ksh30,254720907496,NA,Daniel,NA
DIS-0115,2026-09-28,NA,victor_maarifa,YK05769,2026-09-25,top_up,Pending,Ksh30,254703305901,NA,Daniel,NA
DIS-0116,2026-09-28,NA,norbert_maarifa,YM800266,2026-09-25,top_up,Pending,Ksh30,254743511541,NA,Daniel,NA
DIS-0117,2026-09-28,NA,rahma_maarifa,YK08528,2026-09-25,top_up,Pending,Ksh30,254742771900,NA,Daniel,NA
DIS-0118,2026-09-28,NA,brian_maarifa,YF121472,2026-09-25,top_up,Pending,Ksh30,254748757123,NA,Daniel,NA
DIS-0119,2026-09-28,NA,brian_maarifa,YN06076,2026-09-25,full,Pending,Ksh50,254746640759,NA,Daniel,NA
DIS-0120,2026-09-28,NA,nicole_maarifa,YF06723,2026-09-25,top_up,Pending,Ksh30,254725071055,NA,Daniel,NA
DIS-0121,2026-09-28,NA,nicole_maarifa,YM11606,2026-09-25,top_up,Pending,Ksh30,254768164636,NA,Daniel,NA
DIS-0122,2026-09-28,NA,rahma_maarifa,YM800759,2026-09-25,full,Pending,Ksh50,254791901593,NA,Daniel,NA
DIS-0123,2026-09-28,NA,martin_maarifa,YK122143,2026-09-25,full,Pending,Ksh50,254794851107,NA,Daniel,NA
DIS-0124,2026-09-28,NA,victor_maarifa,YF121477,2026-09-25,top_up,Pending,Ksh30,254706304110,NA,Daniel,NA
DIS-0125,2026-09-28,NA,christopher_maarifa,YK122470,2026-09-25,full,Pending,Ksh50,254768421563,NA,Daniel,NA
DIS-0126,2026-09-28,NA,brian_maarifa,YM800096,2026-09-25,full,Pending,Ksh50,254790089408,NA,Daniel,NA
DIS-0127,2026-09-28,NA,martin_maarifa,UNREG_0745800681,2026-09-25,top_up,Pending,Ksh30,254745800681,NA,Daniel,NA
DIS-0128,2026-09-28,NA,lauma,YK04955,2026-09-25,top_up,Pending,Ksh30,254711449785,NA,Daniel,NA
DIS-0129,2026-09-28,NA,nicole_maarifa,YN04751,2026-09-25,top_up,Pending,Ksh30,254112128343,NA,Daniel,NA
DIS-0130,2026-09-28,NA,norbert_maarifa,YF130697,2026-09-25,top_up,Pending,Ksh30,254711655535,NA,Daniel,NA
DIS-0131,2026-09-28,NA,christopher_maarifa,YM09688,2026-09-25,full,Pending,Ksh50,254742766508,NA,Daniel,NA
DIS-0132,2026-09-28,NA,brian_maarifa,YF122173,2026-09-25,top_up,Pending,Ksh30,254768306038,NA,Daniel,NA
DIS-0133,2026-09-28,NA,lauma,YM13697,2026-09-25,top_up,Pending,Ksh30,254116215439,NA,Daniel,NA
DIS-0134,2026-09-28,NA,rahma_maarifa,YN03220,2026-09-25,full,Pending,Ksh50,254118149366,NA,Daniel,NA
DIS-0135,2026-09-28,NA,victor_maarifa,YM800410,2026-09-25,top_up,Pending,Ksh30,254116025366,NA,Daniel,NA
DIS-0136,2026-09-28,NA,martin_maarifa,YM800035,2026-09-25,full,Pending,Ksh50,254718240339,NA,Daniel,NA
DIS-0137,2026-09-28,NA,christopher_maarifa,YM11297,2026-09-25,top_up,Pending,Ksh30,254759418760,NA,Daniel,NA
DIS-0138,2026-09-28,NA,rahma_maarifa,YN06951,2026-09-25,top_up,Pending,Ksh30,254704118807,NA,Daniel,NA
DIS-0139,2026-09-28,NA,victor_maarifa,YM121923,2026-09-25,top_up,Pending,Ksh30,254745135705,NA,Daniel,NA
DIS-0140,2026-09-28,NA,nicole_maarifa,YF121784,2026-09-25,full,Pending,Ksh50,254713603181,NA,Daniel,NA
DIS-0141,2026-09-28,NA,christopher_maarifa,YF122720,2026-09-25,full,Pending,Ksh50,254740092625,NA,Daniel,NA
DIS-0142,2026-09-28,NA,lauma,YF00972,2026-09-25,top_up,Pending,Ksh30,254114238378,NA,Daniel,NA
DIS-0143,2026-09-28,NA,norbert_maarifa,YN09982,2026-09-25,full,Pending,Ksh50,254706091091,NA,Daniel,NA
DIS-0144,2026-09-28,NA,martin_maarifa,YF122154,2026-09-25,full,Pending,Ksh50,254757254484,NA,Daniel,NA
DIS-0145,2026-09-28,NA,brian_maarifa,YN06625,2026-09-25,top_up,Pending,Ksh30,254742851374,NA,Daniel,NA
DIS-0146,2026-09-28,NA,victor_maarifa,YM01314,2026-09-25,top_up,Pending,Ksh30,254115339811,NA,Daniel,NA
DIS-0147,2026-09-28,NA,norbert_maarifa,YF122029,2026-09-25,top_up,Pending,Ksh30,254717138431,NA,Daniel,NA
DIS-0148,2026-09-28,NA,lauma,YN130377,2026-09-25,top_up,Pending,Ksh30,254714344728,NA,Daniel,NA
DIS-0149,2026-09-28,NA,christopher_maarifa,YM00936,2026-09-25,top_up,Pending,Ksh30,254113907975,NA,Daniel,NA
DIS-0150,2026-09-28,NA,victor_maarifa,YN04412,2026-09-25,top_up,Pending,Ksh30,254707812116,NA,Daniel,NA
DIS-0151,2026-09-28,NA,brian_maarifa,YN05398,2026-09-25,top_up,Pending,Ksh30,254741706065,NA,Daniel,NA
DIS-0152,2026-09-28,NA,nicole_maarifa,YN121153,2026-09-25,full,Pending,Ksh50,254722252940,NA,Daniel,NA
DIS-0153,2026-09-28,NA,christopher_maarifa,YK121682,2026-09-25,top_up,Pending,Ksh30,254758964124,NA,Daniel,NA
DIS-0154,2026-09-28,NA,victor_maarifa,YM122903,2026-09-25,top_up,Pending,Ksh30,254746381956,NA,Daniel,NA
DIS-0155,2026-09-28,NA,rahma_maarifa,YK10778,2026-09-25,full,Pending,Ksh50,254741516754,NA,Daniel,NA
DIS-0156,2026-09-28,NA,martin_maarifa,YF122340,2026-09-25,full,Pending,Ksh50,254140592275,NA,Daniel,NA
DIS-0157,2026-09-28,NA,nicole_maarifa,YM800216,2026-09-25,full,Pending,Ksh50,254716306364,NA,Daniel,NA
DIS-0158,2026-09-28,NA,victor_maarifa,YK07736,2026-09-25,top_up,Pending,Ksh30,254727814617,NA,Daniel,NA
DIS-0159,2026-09-28,NA,nicole_maarifa,YM10615,2026-09-25,full,Pending,Ksh50,254757565205,NA,Daniel,NA
DIS-0160,2026-09-28,NA,nicole_maarifa,YN06098,2026-09-25,full,Pending,Ksh50,254718756605,NA,Daniel,NA
DIS-0161,2026-09-28,NA,victor_maarifa,YK122157,2026-09-25,top_up,Pending,Ksh30,254116742869,NA,Daniel,NA
DIS-0162,2026-09-28,NA,norbert_maarifa,YN121271,2026-09-26,top_up,Pending,Ksh30,254114607033,NA,Daniel,NA
DIS-0163,2026-09-28,NA,brian_maarifa,YN111027,2026-09-26,top_up,Pending,Ksh30,254797185117,NA,Daniel,NA
DIS-0164,2026-09-28,NA,martin_maarifa,YM04205,2026-09-26,full,Pending,Ksh50,254707733225,NA,Daniel,NA
DIS-0165,2026-09-28,NA,rahma_maarifa,YN121229,2026-09-26,top_up,Pending,Ksh30,254740714148,NA,Daniel,NA
DIS-0166,2026-09-28,NA,martin_maarifa,YN05657,2026-09-26,full,Pending,Ksh50,254716806168,NA,Daniel,NA
DIS-0167,2026-09-28,NA,brian_maarifa,YM800764,2026-09-26,full,Pending,Ksh50,254768611855,NA,Daniel,NA
DIS-0168,2026-09-28,NA,norbert_maarifa,YF121773,2026-09-26,full,Pending,Ksh50,254710418884,NA,Daniel,NA
DIS-0169,2026-09-28,NA,brian_maarifa,YK12958,2026-09-26,top_up,Pending,Ksh30,254792303314,NA,Daniel,NA
DIS-0170,2026-09-28,NA,rahma_maarifa,YF122048_REASSIGN_1,2026-09-26,full,Pending,Ksh50,254748724662,NA,Daniel,NA
DIS-0171,2026-09-28,NA,nicole_maarifa,UNREG_0790362665,2026-09-26,full,Pending,Ksh50,254790362665,NA,Daniel,NA
DIS-0172,2026-09-28,NA,nicole_maarifa,YF121469,2026-09-26,full,Pending,Ksh50,254727245688,NA,Daniel,NA
DIS-0173,2026-09-28,NA,nicole_maarifa,YN04019,2026-09-26,full,Pending,Ksh50,254799164890,NA,Daniel,NA
DIS-0174,2026-09-28,NA,victor_maarifa,YK11042,2026-09-26,top_up,Pending,Ksh30,254113069101,NA,Daniel,NA
DIS-0175,2026-09-28,NA,brian_maarifa,YM800805,2026-09-26,full,Pending,Ksh50,254708579754,NA,Daniel,NA
DIS-0176,2026-09-28,NA,victor_maarifa,YN06806,2026-09-26,top_up,Pending,Ksh30,254702737049,NA,Daniel,NA
DIS-0177,2026-09-28,NA,victor_maarifa,YK09133,2026-09-26,top_up,Pending,Ksh30,254743345302,NA,Daniel,NA
DIS-0178,2026-09-28,NA,martin_maarifa,YK121672,2026-09-26,full,Pending,Ksh50,254736423151,NA,Daniel,NA
DIS-0179,2026-09-28,NA,rahma_maarifa,YF121497,2026-09-26,full,Pending,Ksh50,254140148841,NA,Daniel,NA
DIS-0180,2026-09-28,NA,rahma_maarifa,YN03949,2026-09-26,top_up,Pending,Ksh30,254706253529,NA,Daniel,NA
DIS-0181,2026-09-28,NA,martin_maarifa,YK10270,2026-09-26,top_up,Pending,Ksh30,254748949398,NA,Daniel,NA
DIS-0182,2026-09-28,NA,victor_maarifa,YN03454,2026-09-26,top_up,Pending,Ksh30,254705872721,NA,Daniel,NA
DIS-0183,2026-09-28,NA,rahma_maarifa,YM01134,2026-09-26,top_up,Pending,Ksh30,254114561258,NA,Daniel,NA
DIS-0184,2026-09-28,NA,martin_maarifa,YN04729,2026-09-26,full,Pending,Ksh50,254716704816,NA,Daniel,NA
DIS-0185,2026-09-28,NA,norbert_maarifa,YN03180,2026-09-26,full,Pending,Ksh50,254743586273,NA,Daniel,NA
DIS-0186,2026-09-28,NA,brian_maarifa,YF04203,2026-09-26,full,Pending,Ksh50,254708129481,NA,Daniel,NA
DIS-0187,2026-09-28,NA,martin_maarifa,UNREG_0795088485,2026-09-26,top_up,Pending,Ksh30,254795088485,NA,Daniel,NA
DIS-0188,2026-09-28,NA,rahma_maarifa,YN01988,2026-09-26,top_up,Pending,Ksh30,254714305735,NA,Daniel,NA
DIS-0189,2026-09-28,NA,nicole_maarifa,YN04017,2026-09-26,top_up,Pending,Ksh30,254740235531,NA,Daniel,NA
DIS-0190,2026-09-28,NA,victor_maarifa,YM11143,2026-09-26,top_up,Pending,Ksh30,254759286404,NA,Daniel,NA
DIS-0191,2026-09-28,NA,martin_maarifa,YM04584,2026-09-26,top_up,Pending,Ksh30,254708939722,NA,Daniel,NA
DIS-0192,2026-09-28,NA,rahma_maarifa,YN111072,2026-09-26,top_up,Pending,Ksh30,254795618080,NA,Daniel,NA
DIS-0193,2026-09-28,NA,victor_maarifa,YF121490,2026-09-26,top_up,Pending,Ksh30,254748477504,NA,Daniel,NA
DIS-0194,2026-09-28,NA,norbert_maarifa,YN130388,2026-09-26,full,Pending,Ksh50,254745440236,NA,Daniel,NA
DIS-0195,2026-09-28,NA,rahma_maarifa,YN06292,2026-09-26,full,Pending,Ksh50,254703492739,NA,Daniel,NA
DIS-0196,2026-09-28,NA,victor_maarifa,YK122655,2026-09-26,top_up,Pending,Ksh30,254719106698,NA,Daniel,NA
DIS-0197,2026-09-28,NA,brian_maarifa,YN121029,2026-09-26,top_up,Pending,Ksh30,254115542111,NA,Daniel,NA
DIS-0198,2026-09-28,NA,brian_maarifa,YN03682,2026-09-26,top_up,Pending,Ksh30,254757228318,NA,Daniel,NA
DIS-0199,2026-09-28,NA,brian_maarifa,YF122031,2026-09-26,top_up,Pending,Ksh30,254769830892,NA,Daniel,NA
DIS-0200,2026-09-28,NA,brian_maarifa,YM800169,2026-09-26,top_up,Pending,Ksh30,254791667304,NA,Daniel,NA
DIS-0201,2026-09-28,NA,norbert_maarifa,YN03598,2026-09-26,full,Pending,Ksh50,254116913164,NA,Daniel,NA
DIS-0202,2026-09-28,NA,victor_maarifa,YM00360,2026-09-26,top_up,Pending,Ksh30,254116410986,NA,Daniel,NA
DIS-0203,2026-09-28,NA,rahma_maarifa,YK02637,2026-09-26,full,Pending,Ksh50,254748619816,NA,Daniel,NA
DIS-0204,2026-09-28,NA,rahma_maarifa,YN121189,2026-09-26,top_up,Pending,Ksh30,254757084790,NA,Daniel,NA
DIS-0205,2026-09-28,NA,brian_maarifa,YN03778,2026-09-26,top_up,Pending,Ksh30,254768633929,NA,Daniel,NA
DIS-0206,2026-09-28,NA,martin_maarifa,YM02848,2026-09-26,full,Pending,Ksh50,254704079496,NA,Daniel,NA
DIS-0207,2026-09-28,NA,victor_maarifa,YN03779,2026-09-26,top_up,Pending,Ksh30,254716268482,NA,Daniel,NA
DIS-0208,2026-09-28,NA,rahma_maarifa,YN121234,2026-09-26,full,Pending,Ksh50,254746348261,NA,Daniel,NA
DIS-0209,2026-09-28,NA,norbert_maarifa,YF121511,2026-09-26,top_up,Pending,Ksh30,254110638284,NA,Daniel,NA
DIS-0210,2026-09-28,NA,victor_maarifa,YN01239,2026-09-26,top_up,Pending,Ksh30,254712576661,NA,Daniel,NA
DIS-0211,2026-09-28,NA,rahma_maarifa,YN00565,2026-09-26,resume,Pending,Ksh40,254757387167,NA,Daniel,NA
DIS-0212,2026-09-28,NA,martin_maarifa,YK05922,2026-09-26,full,Pending,Ksh50,254702587016,NA,Daniel,NA
DIS-0213,2026-09-28,NA,victor_maarifa,YF12921,2026-09-26,top_up,Pending,Ksh30,254759130775,NA,Daniel,NA
DIS-0214,2026-09-28,NA,norbert_maarifa,YF122060,2026-09-26,full,Pending,Ksh50,254115281003,NA,Daniel,NA
DIS-0215,2026-09-28,NA,brian_maarifa,YN03898,2026-09-26,top_up,Pending,Ksh30,254718088335,NA,Daniel,NA
DIS-0216,2026-09-28,NA,martin_maarifa,UNREG_0703290665,2026-09-26,top_up,Pending,Ksh30,254703290665,NA,Daniel,NA
DIS-0217,2026-09-28,NA,victor_maarifa,YN09862,2026-09-26,top_up,Pending,Ksh30,254718631022,NA,Daniel,NA
DIS-0218,2026-09-28,NA,rahma_maarifa,YN06911,2026-09-26,top_up,Pending,Ksh30,254704703861,NA,Daniel,NA
DIS-0219,2026-09-28,NA,nicole_maarifa,YN11436,2026-09-26,top_up,Pending,Ksh30,254745048129,NA,Daniel,NA
DIS-0220,2026-09-28,NA,nicole_maarifa,YF122037,2026-09-26,top_up,Pending,Ksh30,254112553127,NA,Daniel,NA
DIS-0221,2026-09-28,NA,nicole_maarifa,YN04050,2026-09-26,full,Pending,Ksh50,254757826481,NA,Daniel,NA
DIS-0222,2026-09-28,NA,nicole_maarifa,YN04726,2026-09-26,full,Pending,Ksh50,254795615306,NA,Daniel,NA
DIS-0223,2026-09-28,NA,nicole_maarifa,YF121505,2026-09-26,top_up,Pending,Ksh30,254718928207,NA,Daniel,NA
DIS-0224,2026-09-28,NA,nicole_maarifa,YF07316,2026-09-26,top_up,Pending,Ksh30,254729102344,NA,Daniel,NA
DIS-0225,2026-09-28,NA,nicole_maarifa,YF121778,2026-09-26,top_up,Pending,Ksh30,254740083434,NA,Daniel,NA
DIS-0226,2026-09-28,NA,nicole_maarifa,YN03457,2026-09-26,full,Pending,Ksh50,254791182409,NA,Daniel,NA
DIS-0227,2026-09-28,NA,victor_maarifa,YN111076,2026-09-26,top_up,Pending,Ksh30,254757940987,NA,Daniel,NA
DIS-0228,2026-09-28,NA,norbert_maarifa,YF121495,2026-09-26,top_up,Pending,Ksh30,254140454990,NA,Daniel,NA
DIS-0229,2026-09-28,NA,norbert_maarifa,YN01229,2026-09-26,full,Pending,Ksh50,254720039544,NA,Daniel,NA
DIS-0230,2026-09-28,NA,rahma_maarifa,UNREG_0731537622,2026-09-26,full,Pending,Ksh50,254790272150,NA,Daniel,NA
DIS-0231,2026-09-28,NA,martin_maarifa,YM121325,2026-09-26,resume,Pending,Ksh40,254115264364,NA,Daniel,NA
DIS-0232,2026-09-28,NA,victor_maarifa,YN03387,2026-09-26,top_up,Pending,Ksh30,254142672239,NA,Daniel,NA
DIS-0233,2026-09-28,NA,brian_maarifa,YF122335,2026-09-26,full,Pending,Ksh50,254110989223,NA,Daniel,NA
DIS-0234,2026-09-28,NA,victor_maarifa,YM800125,2026-09-26,top_up,Pending,Ksh30,254713616244,NA,Daniel,NA
DIS-0235,2026-09-28,NA,norbert_maarifa,YK08332,2026-09-26,top_up,Pending,Ksh30,254141328164,NA,Daniel,NA
DIS-0236,2026-09-28,NA,martin_maarifa,YM10604,2026-09-26,full,Pending,Ksh50,254719860472,NA,Daniel,NA
DIS-0237,2026-09-28,NA,lauma,YM08586,2026-09-26,full,Pending,Ksh50,254113130634,NA,Daniel,NA
DIS-0238,2026-09-28,NA,brian_maarifa,YK00226,2026-09-26,full,Pending,Ksh50,254110706546,NA,Daniel,NA
DIS-0239,2026-09-28,NA,brian_maarifa,UNREG_0790450361,2026-09-26,full,Pending,Ksh50,254790450361,NA,Daniel,NA
DIS-0240,2026-09-28,NA,martin_maarifa,YN01457,2026-09-26,top_up,Pending,Ksh30,254759352746,NA,Daniel,NA
DIS-0241,2026-09-28,NA,norbert_maarifa,YM130506,2026-09-26,top_up,Pending,Ksh30,254705281329,NA,Daniel,NA
DIS-0242,2026-09-28,NA,brian_maarifa,YN05879,2026-09-26,full,Pending,Ksh50,254702814982,NA,Daniel,NA
DIS-0243,2026-09-28,NA,norbert_maarifa,YM800792,2026-09-26,top_up,Pending,Ksh30,254768248939,NA,Daniel,NA
DIS-0244,2026-09-28,NA,nicole_maarifa,YN05324,2026-09-26,full,Pending,Ksh50,254794945423,NA,Daniel,NA
DIS-0245,2026-09-28,NA,nicole_maarifa,YN04742,2026-09-26,full,Pending,Ksh50,254722245399,NA,Daniel,NA
DIS-0246,2026-09-28,NA,nicole_maarifa,YF12874,2026-09-26,full,Pending,Ksh50,254794233391,NA,Daniel,NA
DIS-0247,2026-09-28,NA,nicole_maarifa,YN07146,2026-09-26,full,Pending,Ksh50,254700295300,NA,Daniel,NA
DIS-0248,2026-09-28,NA,nicole_maarifa,YN03968,2026-09-26,top_up,Pending,Ksh30,254116416510,NA,Daniel,NA
DIS-0249,2026-09-28,NA,victor_maarifa,YN111090,2026-09-26,top_up,Pending,Ksh30,254758949518,NA,Daniel,NA
DIS-0250,2026-09-28,NA,brian_maarifa,YK10776,2026-09-26,full,Pending,Ksh50,254748983782,NA,Daniel,NA
DIS-0251,2026-09-28,NA,victor_maarifa,YK11052,2026-09-26,top_up,Pending,Ksh30,254704829146,NA,Daniel,NA
DIS-0252,2026-09-28,NA,martin_maarifa,YF12553,2026-09-26,top_up,Pending,Ksh30,254745571558,NA,Daniel,NA
DIS-0253,2026-09-28,NA,martin_maarifa,YM121312_REASSIGN_1,2026-09-26,top_up,Pending,Ksh30,254796533859,NA,Daniel,NA
DIS-0254,2026-09-28,NA,brian_maarifa,YM130481,2026-09-26,full,Pending,Ksh50,254702103888,NA,Daniel,NA
DIS-0255,2026-09-28,NA,martin_maarifa,YM121894,2026-09-26,full,Pending,Ksh50,254115403157,NA,Daniel,NA
DIS-0256,2026-09-28,NA,christopher_maarifa,YM00555,2026-09-27,full,Pending,Ksh50,254112259660,NA,Daniel,NA
DIS-0257,2026-09-28,NA,christopher_maarifa,YM121583,2026-09-27,top_up,Pending,Ksh30,254743387735,NA,Daniel,NA
DIS-0258,2026-09-28,NA,christopher_maarifa,YM121913,2026-09-27,full,Pending,Ksh50,254756511158,NA,Daniel,NA
DIS-0259,2026-09-28,NA,christopher_maarifa,YN121245,2026-09-27,full,Pending,Ksh50,254711973594,NA,Daniel,NA
DIS-0260,2026-09-28,NA,christopher_maarifa,YK03850,2026-09-27,top_up,Pending,Ksh30,254707572212,NA,Daniel,NA
DIS-0261,2026-09-28,NA,christopher_maarifa,YM800106,2026-09-27,full,Pending,Ksh50,254701070727,NA,Daniel,NA
DIS-0262,2026-09-28,NA,christopher_maarifa,YM121372,2026-09-27,top_up,Pending,Ksh30,254796040513,NA,Daniel,NA
DIS-0263,2026-09-28,NA,christopher_maarifa,YF122067,2026-09-27,top_up,Pending,Ksh30,254703327622,NA,Daniel,NA
DIS-0264,2026-09-28,NA,christopher_maarifa,YM01052,2026-09-27,full,Pending,Ksh50,254719741608,NA,Daniel,NA
DIS-0265,2026-09-28,NA,christopher_maarifa,YM800475,2026-09-27,resume,Pending,Ksh40,254745297976,NA,Daniel,NA
DIS-0266,2026-09-28,NA,christopher_maarifa,YN03883,2026-09-27,top_up,Pending,Ksh30,254705988664,NA,Daniel,NA
DIS-0267,2026-09-28,NA,christopher_maarifa,YN02305,2026-09-27,top_up,Pending,Ksh30,254701481762,NA,Daniel,NA
DIS-0268,2026-09-28,NA,christopher_maarifa,YM13648,2026-09-27,top_up,Pending,Ksh30,254742489004,NA,Daniel,NA
DIS-0269,2026-09-28,NA,christopher_maarifa,YN111030,2026-09-27,top_up,Pending,Ksh30,254799334150,NA,Daniel,NA
DIS-0270,2026-09-28,NA,christopher_maarifa,YN01467,2026-09-27,top_up,Pending,Ksh30,254110038495,NA,Daniel,NA
DIS-0271,2026-09-28,NA,norbert_maarifa,YM800038,2026-09-28,top_up,Pending,Ksh30,254746558117,NA,Daniel,NA
DIS-0272,2026-09-28,NA,martin_maarifa,YM02669,2026-09-28,top_up,Pending,Ksh30,254742965354,NA,Daniel,NA
DIS-0273,2026-09-28,NA,nicole_maarifa,UNREG_0797950928,2026-09-28,top_up,Pending,Ksh30,254797950928,NA,Daniel,NA
DIS-0274,2026-09-28,NA,martin_maarifa,YN09728,2026-09-28,top_up,Pending,Ksh30,254712408080,NA,Daniel,NA
DIS-0275,2026-09-28,NA,norbert_maarifa,YK10582,2026-09-28,full,Pending,Ksh50,254115711516,NA,Daniel,NA
DIS-0276,2026-09-28,NA,nicole_maarifa,YF122670,2026-09-28,top_up,Pending,Ksh30,254791183165,NA,Daniel,NA
DIS-0277,2026-09-28,NA,martin_maarifa,YN111075,2026-09-28,top_up,Pending,Ksh30,254727101351,NA,Daniel,NA
DIS-0278,2026-09-28,NA,norbert_maarifa,YF123719,2026-09-28,top_up,Pending,Ksh30,254107007629,NA,Daniel,NA
DIS-0279,2026-09-28,NA,martin_maarifa,YF09973,2026-09-28,full,Pending,Ksh50,254748445093,NA,Daniel,NA
DIS-0280,2026-09-28,NA,nicole_maarifa,YF122357,2026-09-28,top_up,Pending,Ksh30,254796823624,NA,Daniel,NA
DIS-0281,2026-09-28,NA,martin_maarifa,YF122352,2026-09-28,top_up,Pending,Ksh30,254112270462,NA,Daniel,NA
DIS-0282,2026-09-28,NA,rahma_maarifa,UNREG_0796925530,2026-09-28,resume,Pending,Ksh40,254796925530,NA,Daniel,NA
DIS-0283,2026-09-28,NA,rahma_maarifa,YF10762,2026-09-28,full,Pending,Ksh50,254759261080,NA,Daniel,NA
DIS-0284,2026-09-28,NA,norbert_maarifa,YM122848,2026-09-28,full,Pending,Ksh50,254113509626,NA,Daniel,NA
DIS-0285,2026-09-28,NA,nicole_maarifa,UNREG_0798449498,2026-09-28,full,Pending,Ksh50,254723863618,NA,Daniel,NA
DIS-0286,2026-09-28,NA,nicole_maarifa,YF122447,2026-09-28,top_up,Pending,Ksh30,254786110870,NA,Daniel,NA
DIS-0287,2026-09-28,NA,norbert_maarifa,UNREG_0117218951,2026-09-28,full,Pending,Ksh50,254117218951,NA,Daniel,NA
DIS-0288,2026-09-28,NA,martin_maarifa,YN08201,2026-09-28,full,Pending,Ksh50,254742417609,NA,Daniel,NA
DIS-0289,2026-09-28,NA,rahma_maarifa,YN100604,2026-09-28,resume,Pending,Ksh40,254721324494,NA,Daniel,NA
DIS-0290,2026-09-28,NA,rahma_maarifa,YN111037,2026-09-28,full,Pending,Ksh50,254791991076,NA,Daniel,NA
DIS-0291,2026-09-28,NA,norbert_maarifa,YF122379,2026-09-28,full,Pending,Ksh50,254112414607,NA,Daniel,NA
DIS-0292,2026-09-28,NA,martin_maarifa,YK121454,2026-09-28,top_up,Pending,Ksh30,254712367190,NA,Daniel,NA
DIS-0293,2026-09-28,NA,rahma_maarifa,YN121193,2026-09-28,full,Pending,Ksh50,254729961691,NA,Daniel,NA
DIS-0294,2026-09-28,NA,nicole_maarifa,UNREG_0717757794,2026-09-28,full,Pending,Ksh50,254717757794,NA,Daniel,NA
DIS-0295,2026-09-28,NA,nicole_maarifa,YK122125,2026-09-28,full,Pending,Ksh50,254702803574,NA,Daniel,NA
DIS-0296,2026-09-28,NA,rahma_maarifa,YN09861,2026-09-28,top_up,Pending,Ksh30,254112046259,NA,Daniel,NA
DIS-0297,2026-09-28,NA,martin_maarifa,YF122444,2026-09-28,full,Pending,Ksh50,254740795715,NA,Daniel,NA
DIS-0298,2026-09-28,NA,christopher_maarifa,YM11088,2026-09-28,full,Pending,Ksh50,254797704745,NA,Daniel,NA
DIS-0299,2026-09-28,NA,nicole_maarifa,YM03810,2026-09-28,resume,Pending,Ksh40,254706908463,NA,Daniel,NA
DIS-0300,2026-09-28,NA,norbert_maarifa,YN121213,2026-09-28,full,Pending,Ksh50,254703368130,NA,Daniel,NA
DIS-0301,2026-09-28,NA,martin_maarifa,YM800172,2026-09-28,full,Pending,Ksh50,254792526357,NA,Daniel,NA
DIS-0302,2026-09-28,NA,rahma_maarifa,YM122577_REASSIGN_2,2026-09-28,full,Pending,Ksh50,254115419191,NA,Daniel,NA
DIS-0303,2026-09-28,NA,martin_maarifa,YN03015,2026-09-28,top_up,Pending,Ksh30,254769408670,NA,Daniel,NA
DIS-0304,2026-09-28,NA,nicole_maarifa,YM121353,2026-09-28,full,Pending,Ksh50,254727136654,NA,Daniel,NA
DIS-0305,2026-09-28,NA,christopher_maarifa,YM11600,2026-09-28,full,Pending,Ksh50,254726699775,NA,Daniel,NA
DIS-0306,2026-09-28,NA,christopher_maarifa,YF122191,2026-09-28,full,Pending,Ksh50,254705812237,NA,Daniel,NA
DIS-0307,2026-09-28,NA,rahma_maarifa,YK09158,2026-09-28,full,Pending,Ksh50,254746603584,NA,Daniel,NA
DIS-0308,2026-09-28,NA,nicole_maarifa,YF121501,2026-09-28,full,Pending,Ksh50,254790299519,NA,Daniel,NA
DIS-0309,2026-09-28,NA,rahma_maarifa,YN06816,2026-09-28,full,Pending,Ksh50,254790284421,NA,Daniel,NA
DIS-0310,2026-09-28,NA,norbert_maarifa,YN06160,2026-09-28,full,Pending,Ksh50,254715402688,NA,Daniel,NA
DIS-0311,2026-09-28,NA,christopher_maarifa,YF122395,2026-09-28,full,Pending,Ksh50,254757623151,NA,Daniel,NA
DIS-0312,2026-09-28,NA,nicole_maarifa,YM10974,2026-09-28,top_up,Pending,Ksh30,254727044196,NA,Daniel,NA
DIS-0313,2026-09-28,NA,rahma_maarifa,YN00064,2026-09-28,full,Pending,Ksh50,254708442495,NA,Daniel,NA
DIS-0314,2026-09-28,NA,rahma_maarifa,YM14119,2026-09-28,top_up,Pending,Ksh30,254796275659,NA,Daniel,NA
DIS-0315,2026-09-28,NA,nicole_maarifa,YF11969,2026-09-28,full,Pending,Ksh50,254746334633,NA,Daniel,NA
DIS-0316,2026-09-28,NA,rahma_maarifa,YN03930,2026-09-28,full,Pending,Ksh50,254791298531,NA,Daniel,NA
DIS-0317,2026-09-28,NA,norbert_maarifa,YN130238,2026-09-28,resume,Pending,Ksh40,254753942203,NA,Daniel,NA
DIS-0318,2026-09-28,NA,rahma_maarifa,YM800819,2026-09-28,top_up,Pending,Ksh30,254743939073,NA,Daniel,NA
DIS-0319,2026-09-28,NA,rahma_maarifa,YF122177,2026-09-28,top_up,Pending,Ksh30,254792143038,NA,Daniel,NA
DIS-0320,2026-09-28,NA,rahma_maarifa,YN130401,2026-09-28,resume,Pending,Ksh40,254727296919,NA,Daniel,NA
DIS-0321,2026-09-28,NA,martin_maarifa,YK11265,2026-09-28,full,Pending,Ksh50,254708463511,NA,Daniel,NA
DIS-0322,2026-09-28,NA,norbert_maarifa,YN121155,2026-09-28,top_up,Pending,Ksh30,254745011913,NA,Daniel,NA
DIS-0323,2026-09-28,NA,nicole_maarifa,YN11651,2026-09-28,top_up,Pending,Ksh30,254791610580,NA,Daniel,NA
DIS-0324,2026-09-28,NA,christopher_maarifa,YF08182,2026-09-28,full,Pending,Ksh50,254740851072,NA,Daniel,NA
DIS-0325,2026-09-28,NA,martin_maarifa,YM11354,2026-09-28,top_up,Pending,Ksh30,254759914677,NA,Daniel,NA
DIS-0326,2026-09-28,NA,rahma_maarifa,YF122442_REASSIGN_1,2026-09-28,full,Pending,Ksh50,254757740856,NA,Daniel,NA
DIS-0327,2026-09-28,NA,martin_maarifa,YM06674,2026-09-28,full,Pending,Ksh50,254796149035,NA,Daniel,NA
DIS-0328,2026-09-28,NA,christopher_maarifa,YN121150,2026-09-28,full,Pending,Ksh50,254143075199,NA,Daniel,NA
DIS-0329,2026-09-28,NA,nicole_maarifa,YF122684,2026-09-28,top_up,Pending,Ksh30,254757629882,NA,Daniel,NA
DIS-0330,2026-09-28,NA,christopher_maarifa,YK122129,2026-09-28,top_up,Pending,Ksh30,254710908743,NA,Daniel,NA
DIS-0331,2026-09-28,NA,norbert_maarifa,YM810424,2026-09-28,full,Pending,Ksh50,254745238810,NA,Daniel,NA
DIS-0332,2026-09-28,NA,martin_maarifa,UNREG_0719267788,2026-09-28,full,Pending,Ksh50,254719267788,NA,Daniel,NA
DIS-0333,2026-09-28,NA,christopher_maarifa,YF122412,2026-09-28,full,Pending,Ksh50,254796832198,NA,Daniel,NA
DIS-0334,2026-09-28,NA,norbert_maarifa,YM14199,2026-09-28,full,Pending,Ksh50,254717808936,NA,Daniel,NA
DIS-0335,2026-09-28,NA,christopher_maarifa,YM09748,2026-09-28,top_up,Pending,Ksh30,254757301265,NA,Daniel,NA
DIS-0336,2026-09-28,NA,nicole_maarifa,YF13574,2026-09-28,full,Pending,Ksh50,254703847665,NA,Daniel,NA
DIS-0337,2026-09-28,NA,norbert_maarifa,YN03774,2026-09-28,top_up,Pending,Ksh30,254702841390,NA,Daniel,NA
DIS-0338,2026-09-28,NA,christopher_maarifa,YK07527,2026-09-28,full,Pending,Ksh50,254728428371,NA,Daniel,NA
DIS-0339,2026-09-28,NA,norbert_maarifa,YM122268,2026-09-28,top_up,Pending,Ksh30,254720248422,NA,Daniel,NA
DIS-0340,2026-09-28,NA,norbert_maarifa,YN03206,2026-09-28,top_up,Pending,Ksh30,254751572329,NA,Daniel,NA
DIS-0341,2026-09-28,NA,martin_maarifa,YF121487,2026-09-28,full,Pending,Ksh50,254769341356,NA,Daniel,NA
DIS-0342,2026-09-28,NA,christopher_maarifa,YN121246,2026-09-28,top_up,Pending,Ksh30,254797337884,NA,Daniel,NA
DIS-0343,2026-09-28,NA,nicole_maarifa,YK121527,2026-09-28,top_up,Pending,Ksh30,254794124480,NA,Daniel,NA
DIS-0344,2026-09-28,NA,nicole_maarifa,YF122062,2026-09-28,full,Pending,Ksh50,254719796207,NA,Daniel,NA
DIS-0345,2026-09-28,NA,martin_maarifa,YM800129,2026-09-28,full,Pending,Ksh50,254110647264,NA,Daniel,NA
DIS-0346,2026-09-28,NA,christopher_maarifa,YF122082,2026-09-28,full,Pending,Ksh50,254710659041,NA,Daniel,NA
DIS-0347,2026-09-28,NA,christopher_maarifa,YF130696,2026-09-28,top_up,Pending,Ksh30,254706353622,NA,Daniel,NA
DIS-0348,2026-09-28,NA,christopher_maarifa,YM121393,2026-09-28,full,Pending,Ksh50,254728930274,NA,Daniel,NA
DIS-0349,2026-09-28,NA,christopher_maarifa,YM122591,2026-09-28,full,Pending,Ksh50,254704073655,NA,Daniel,NA
